매장명,주소,위도,경도
GS타워,서울특별시 강남구 논현로 508 (역삼동) 1522-3232,37.5018592,127.0372776
KT광화문웨스트B1F,서울특별시 종로구 세종대로 178 (세종로) 1522-3232,37.5721422,126.9779548
가든파이브,서울특별시 송파구 충민로 10 (문정동) 가든파이브툴 1522-3232,37.47797468,127.1211852
가락본동,서울특별시 송파구 송파대로30길 13 (가락동) 1522-3232,37.49481239,127.1188348
가락시장역,"서울특별시 송파구 중대로 121, 롯데캐슬 파인힐 1층 (가락동) 1522-3232",37.49442876,127.1217432
가로수길,"서울특별시 강남구 논현로175길 94, 1~2층 (신사동) 1522-3232",37.5231593,127.021625
가산디지털,"서울특별시 금천구 가산디지털1로 168 (가산동), 우림라이온스밸리 B동 1층 1522-3232",37.47997009,126.8825072
가산디지털단지역,"서울특별시 금천구 벚꽃로 298 (가산동), 대륭포스트타워 6차 1층 1522-3232",37.48135375,126.8835891
가산브이타워,"서울특별시 금천구 가산디지털1로 128 (가산동), V-TOWER 1층 1522-3232",37.4770041,126.8835506
가산어반워크,서울특별시 금천구 가산디지털2로 135 (가산동) 1522-3232,37.48002317,126.878251
가산에스케이,"서울특별시 금천구 가산디지털1로 171 (가산동), SK V1센터 1층 1522-3232",37.48082409,126.8810008
가산케이에스,"서울특별시 금천구 벚꽃로36길 30 (가산동), 가산KS타워 1층 1522-3232",37.48089352,126.8851557
가산퍼블릭,"서울특별시 금천구 디지털로 178 (가산동), B동 F Park 1층 1522-3232",37.47574363,126.886848
가산현대아울렛,"서울특별시 금천구 디지털로10길 9 (가산동), 1층 일부 1522-3232",37.47768044,126.8888406
가양역,서울특별시 강서구 양천로 476 (등촌동) 1522-3232,37.56164,126.853327
가양역사거리,"서울특별시 강서구 화곡로 416 (등촌동) 가양더스카이벨리5차 지식산업센터 101, 102, 114,~117호 1522-3232",37.56007,126.855372
가재울뉴타운,"서울특별시 서대문구 가재울미래로 2 (남가좌동, DMC파크뷰자이2단지별동상가1층) 1522-3232",37.57507214,126.9163599
강남GT타워,"서울특별시 서초구 서초대로 411, GT타워 (서초동) 1522-3232",37.49790791,127.0261626
강남R,서울특별시 강남구 강남대로 390 (역삼동) 1522-3232,37.497711,127.028439
강남교보타워R,서울특별시 서초구 강남대로 465 (서초동) 1522-3232,37.50371078,127.0243353
강남구청역,"서울특별시 강남구 선릉로 669, 웰빙센터 1층 (논현동) 1522-3232",37.5165849,127.0412433
강남구청정문,서울특별시 강남구 학동로 419 (청담동) 1522-3232,37.518181,127.045995
강남논현,서울특별시 강남구 강남대로 512 (논현동) 1522-3232,37.50789786,127.0233386
강남대로,"서울특별시 강남구 강남대로 456, 한석타워 2층 1-2호 (역삼동) 1522-3232",37.50314,127.025546
강남대로신사,서울특별시 서초구 강남대로 595 (잠원동) 1522-3232,37.51489,127.019469
강남르피에드,"서울특별시 서초구 서운로 136 (서초동), 1층 1호,2호,3호,4호 1522-3232",37.49567462,127.0251613
강남비젼타워,"서울특별시 강남구 테헤란로2길 27, 1층 101호 (역삼동) 1522-3232",37.4964557,127.0296885
강남서초초교,"서울특별시 서초구 서초대로77길 27, 유빌딩 1,2층 (서초동) 1522-3232",37.5000875,127.0254909
강남세곡,서울특별시 강남구 헌릉로569길 18 (세곡동) 1522-3232,37.46727432,127.0999297
강남세곡DT,서울특별시 강남구 헌릉로 727 (세곡동) 1522-3232,37.46699381,127.1183308
강남에비뉴,"서울특별시 서초구 서초대로77길 62, 강남역아이파크 B102~B105 (서초동) 1522-3232",37.50257781,127.0241059
강남역5번출구호정빌딩,서울특별시 서초구 서초대로78길 38 (서초동) 1522-3232,37.49454216,127.0282986
강남역7번출구,서울특별시 서초구 강남대로 385 (서초동) 1522-3232,37.49706068,127.0274118
강남역신분당역사,서울특별시 강남구 강남대로 396 (역삼동) 1522-3232,37.49705725,127.0281807
강남역우송빌딩,서울특별시 서초구 서초대로73길 7 (서초동) 1522-3232,37.49813146,127.0252791
강남오거리,서울특별시 강남구 봉은사로2길 39 (역삼동) 1522-3232,37.502117,127.026672
강남우성,서울특별시 강남구 강남대로 328 (역삼동) 1522-3232,37.492396,127.03091
강남자곡,서울특별시 강남구 자곡로 172 (자곡동) 107~109호 1522-3232,37.47306371,127.1024473
강남차여성병원,서울특별시 강남구 봉은사로 156 (역삼동) 1522-3232,37.50640319,127.0318113
강남청담빌딩,서울특별시 강남구 선릉로 704 (청담동) 1522-3232,37.517887,127.041375
강남파이낸스센터,서울특별시 강남구 테헤란로 152 (역삼동) 1522-3232,37.49993577,127.0368478
강동강일,서울특별시 강동구 아리수로93나길 54 (강일동) 1522-3232,37.57219484,127.17494
강동구청DT,서울특별시 강동구 성내로 32 (성내동) 1522-3232,37.52938777,127.1238477
강동그란츠,"서울특별시 강동구 천호대로 1050 (성내동) 근생 1-6, 1-7 1522-3232",37.536825,127.12861
강동암사DT,서울특별시 강동구 고덕로 43 (암사동) 1522-3232,37.55507323,127.1299223
강동역,"서울특별시 강동구 천호대로 1089 (천호동, 강동 헤르셔) 1522-3232",37.536047,127.133086
강변,서울특별시 광진구 구의강변로 46 (구의동) 1522-3232,37.53474181,127.0919732
강북구청사거리,서울특별시 강북구 도봉로 365 (수유동) 1522-3232,37.63998786,127.0274331
강북삼성병원,서울특별시 종로구 새문안로 29 (평동) C관 5층 1522-3232,37.56831941,126.966942
강북삼성병원1층,서울특별시 종로구 새문안로 29 (평동) A관 1층 1522-3232,37.568546,126.96756
강서NC,서울특별시 강서구 강서로56길 17 (등촌동) 1522-3232,37.55978003,126.8399835
강서구청사거리,서울특별시 강서구 화곡로 350 (화곡동) 1522-3232,37.5549266,126.8523133
강서우장산,"서울특별시 강서구 강서로 231 (화곡동, 우장산역 해링턴 타워), 116/117/118/119/120호 1522-3232",37.54661115,126.8361133
강일역,"서울특별시 강동구 고덕로 429 (강일동), 1층 1522-3232",37.55747469,127.1735107
개포동,서울특별시 강남구 선릉로 34 (개포동) 1522-3232,37.48285514,127.0607152
갤러리아팰리스,"서울특별시 송파구 올림픽로 212, 갤러리아 팰리스 (잠실동) 1522-3232",37.511561,127.093616
건국대,서울특별시 광진구 능동로 117 (화양동) 1522-3232,37.54154747,127.0711558
건국클래식,서울특별시 광진구 능동로 90 (자양동) 더 클래식500 1522-3232,37.538466,127.071271
건대로데오,"서울특별시 광진구 아차산로 212 (자양동, 더포디엄830) 1522-3232",37.54079664,127.0667289
건대스타시티,서울특별시 광진구 아차산로 262 (자양동) 1522-3232,37.538544,127.073009
건대입구,서울특별시 광진구 능동로 107 (화양동) 1522-3232,37.5406604,127.0707225
건대후문,서울특별시 광진구 능동로 172 (화양동) 1522-3232,37.54603056,127.0738193
경기대,서울특별시 서대문구 충정로 53 (충정로2가) 1522-3232,37.56367995,126.9646045
경동1960,서울특별시 동대문구 고산자로36길 3 (제기동) 1522-3232,37.5796141,127.038685
경리단길,서울특별시 용산구 회나무로 3 (이태원동) 1522-3232,37.53854,126.98737
경복궁사거리,"서울특별시 종로구 율곡로 6, B동 101호(중학동, 트윈트리타워) 1522-3232",37.57561594,126.9802374
경복궁역,"서울특별시 종로구 자하문로4길 6, 1층 (통의동) 1522-3232",37.5771508,126.9727453
경희궁로,서울특별시 종로구 새문안로3길 15 (당주동) 1522-3232,37.571759,126.972343
경희대,서울특별시 동대문구 경희대로 16-1 (회기동) 1522-3232,37.5928812,127.0528085
경희대삼거리,서울특별시 동대문구 회기로 141 (회기동) 1522-3232,37.591531,127.052017
경희의료원,서울특별시 동대문구 경희대로 23 (회기동) 1522-3232,37.5935445,127.052009
고대,서울특별시 성북구 고려대로24길 51 (안암동5가) 1522-3232,37.583925,127.029594
고대안암병원,서울특별시 성북구 고려대로 73 (안암동5가) 1522-3232,37.586874,127.02811
고척아이파크,"서울특별시 구로구 경인로43길 49 (고척동, 고척아이파크), 1층 D-101호 1522-3232",37.49930563,126.8582209
공덕,서울특별시 마포구 마포대로 130 (공덕동) 1522-3232,37.545913,126.952956
공덕오거리,서울특별시 마포구 마포대로 86 (도화동) 창강빌딩 1522-3232,37.5424641,126.9505773
공릉DT,서울특별시 노원구 동일로 1015 (공릉동) 1522-3232,37.6206884,127.0743116
공릉역,서울특별시 노원구 동일로 1081 (공릉동) 1522-3232,37.626337,127.072252
관악서울대입구R,서울특별시 관악구 관악로 158 (봉천동) 1522-3232,37.47932481,126.952702
광나루,"서울특별시 광진구 아차산로 607, 1,2층 (광장동) 1522-3232",37.54737112,127.1060487
광운대,서울특별시 노원구 석계로 104 (월계동) 1522-3232,37.62317425,127.0608065
광장,서울특별시 광진구 아차산로 537-17 (광장동) 1522-3232,37.54261258,127.0996405
광장마켓,서울특별시 종로구 창경궁로 88 (예지동) 1522-3232,37.57020712,127.0002066
광화문,서울특별시 종로구 세종대로 167 (세종로) 1522-3232,37.5712544,126.9763106
광화문교보문고,서울특별시 종로구 종로 1 (종로1가) 1522-3232,37.571017,126.977937
광화문우체국,서울특별시 종로구 종로 6 (서린동) 1522-3232,37.57000686,126.9780599
교대,서울특별시 서초구 서초중앙로 118 (서초동) 1522-3232,37.4923611,127.0142207
교대법원,서울특별시 서초구 서초중앙로 164 (서초동) 1522-3232,37.496329,127.013336
교대역3번출구,서울특별시 서초구 서초중앙로24길 10 (서초동) 1522-3232,37.49434566,127.0149005
구로NC,서울특별시 구로구 구로중앙로 152 (구로동) 구로NC 1522-3232,37.501219,126.882798
구로고척,서울특별시 구로구 경인로 387 (고척동) 1522-3232,37.49706,126.86315
구로구청,"서울특별시 구로구 가마산로 232 (구로동, 스페스큐브), B101호 1522-3232",37.49395067,126.8867612
구로디지털로,"서울특별시 구로구 디지털로33길 11, 에이스테크노8차 1층 (구로동) 1522-3232",37.48569917,126.8959915
구로디지털타워,서울특별시 구로구 디지털로32길 30 (구로동) 1522-3232,37.48347219,126.8968567
구로에이스,"서울특별시 구로구 디지털로 285, 에이스트윈타워1차 103호 (구로동) 1522-3232",37.48423377,126.8945605
구로오류DT,서울특별시 구로구 서해안로 2233 (오류동) 1522-3232,37.48812923,126.8344919
구로하이엔드,"서울특별시 구로구 디지털로26길 5, 에이스하이엔드타워1차 103호 (구로동) 1522-3232",37.481618,126.893136
구산역,서울특별시 은평구 연서로 146 (대조동) 1522-3232,37.611745,126.917678
구역삼사거리,서울특별시 강남구 논현로 401 (역삼동) 1522-3232,37.49589065,127.0389092
구의DT,서울특별시 광진구 광나루로 519 (구의동) 1522-3232,37.54529839,127.0871967
구의역,서울특별시 광진구 아차산로 373 (구의동) 1522-3232,37.53698,127.084015
구의역이스트폴,"서울특별시 광진구 아차산로 402 (자양동), 1층 1522-3232",37.53657397,127.087857
구파발사거리,서울특별시 은평구 진관3로 21 은평엘크루 101동 105-108호 1522-3232,37.639617,126.91881
구파발역,서울특별시 은평구 진관2로 12 1522-3232,37.63446,126.918881
국기원사거리,서울특별시 강남구 테헤란로 125 (역삼동) 1522-3232,37.499517,127.031495
국립중앙의료원,서울특별시 중구 을지로 251 (을지로6가) 1522-3232,37.566516,127.0062376
국회대로,서울특별시 영등포구 국회대로 786 (여의도동) 1522-3232,37.53026,126.919549
국회의사당역,서울특별시 영등포구 의사당대로 8 (여의도동) 1522-3232,37.5280541,126.9171195
군자사거리,서울특별시 광진구 천호대로 549 (중곡동) 1층 1522-3232,37.55769507,127.0790879
군자역,서울특별시 광진구 천호대로 548 (군자동) 중앙빌딩 1522-3232,37.55702607,127.0791098
굽은다리역,"서울특별시 강동구 양재대로 1568 (명일동, 원일타워) 1522-3232",37.54526204,127.1429835
그랑서울,서울특별시 종로구 종로 33 (청진동) 1522-3232,37.57078677,126.9812094
금천구청역,"서울특별시 금천구 시흥대로73길 67 (시흥동), 엠메디컬타워 1층 1522-3232",37.45588673,126.8956825
금천금나래,서울특별시 금천구 시흥대로79길 23 (시흥동) 1층 1522-3232,37.45868985,126.897
금천독산,서울특별시 금천구 두산로 70 (독산동) 1522-3232,37.46957081,126.8956578
금천시흥,서울특별시 금천구 시흥대로 164 (시흥동) 1522-3232,37.44875938,126.9032388
금호역,서울특별시 성동구 동호로 99 (금호동4가) 1522-3232,37.5479582,127.0157635
길동역,서울특별시 강동구 양재대로 1487 (길동) 1522-3232,37.53870167,127.1401395
길음뉴타운,"서울특별시 성북구 길음로 11 (길음동, 길음역롯데캐슬트윈골드아파트) 1522-3232",37.603633,127.023459
길음역,서울특별시 성북구 정릉로 376 (돈암동) 1522-3232,37.602139,127.025271
김포공항DT,서울특별시 강서구 개화동로 517 (방화동) 1522-3232,37.56627942,126.8060664
김포공항국내선,서울특별시 강서구 하늘길 112 (공항동) 1522-3232,37.55912618,126.8023925
김포공항국제선,서울특별시 강서구 하늘길 38 (방화동) 1522-3232,37.5660449,126.8005038
까치산역,서울특별시 강서구 강서로13길 3 (화곡동) 1522-3232,37.53232351,126.8461233
낙성대DT,서울특별시 관악구 남부순환로 1948 (봉천동) 1522-3232,37.47624317,126.9651172
낙성대역,서울특별시 관악구 남부순환로 1908 (봉천동) 1522-3232,37.47776013,126.9611426
남가좌사거리,"서울특별시 서대문구 거북골로 84 (남가좌동, DMC에코자이104동) 1522-3232",37.577386,126.920815
남부순환로방배DT,서울특별시 서초구 남부순환로 2230 (방배동) 1522-3232,37.4732569,126.9960094
남부터미널,"서울특별시 서초구 서초중앙로 26, 래미안서초유니빌 1층 101호 (서초동) 1522-3232",37.48467334,127.0169464
남부터미널역5번출구,서울특별시 서초구 효령로 274 (서초동) 1522-3232,37.48436736,127.0142192
남산단암,"서울특별시 중구 소월로 10, 단암빌딩 (남대문로5가) 1522-3232",37.55853622,126.9754585
남성역,서울특별시 동작구 사당로 219 (사당동) 1522-3232,37.4841198,126.9725739
남영동,서울특별시 용산구 한강대로 275 (갈월동) 1522-3232,37.54289238,126.9722942
내발산,"서울특별시 강서구 강서로 323 (내발산동), 101/102호 1522-3232",37.55467,126.83672
내방역,서울특별시 서초구 방배로 184 (방배동) 대풍빌딩 1522-3232,37.490004,126.992455
노량진동,"서울특별시 동작구 노량진로 190 (노량진동, 고려교육타워-어바니엘한강) 101호~105호 1522-3232",37.513068,126.946537
노량진역,서울특별시 동작구 노량진로 134 (노량진동) 1522-3232,37.51339,126.940879
노원KT,"서울특별시 노원구 노해로 502, (주)KT 노원사옥 (상계동) 1522-3232",37.654562,127.063617
노원구청,서울특별시 노원구 노해로 447 (상계동) 1522-3232,37.6539896,127.057755
노원마들역,"서울특별시 노원구 노원로 569 (상계동, 임광아파트) 1522-3232",37.66108907,127.0580154
노원상계,서울특별시 노원구 동일로215길 2 (상계동) 1522-3232,37.651535,127.061026
노원역,서울특별시 노원구 동일로 1413 (상계동) 1층 1522-3232,37.654751,127.060034
녹번역,"서울특별시 은평구 통일로 636 (녹번동) 110,111,112,113,114,115호 1522-3232",37.60330762,126.9352857
논현역,서울특별시 서초구 강남대로 557 (잠원동) 1~2층 1522-3232,37.51143761,127.0205487
논현역사거리,서울특별시 강남구 강남대로 538 (논현동) 1522-3232,37.510178,127.022223
논현힐탑,서울특별시 강남구 논현로 648 (논현동) 1522-3232,37.511685,127.032187
뉴코아강남,서울특별시 서초구 잠원로 69 (잠원동) 킴스클럽 1522-3232,37.51031339,127.0069582
답십리역,서울특별시 동대문구 천호대로 263 (답십리동) 1522-3232,37.568466,127.051106
답십리초교사거리,서울특별시 동대문구 전농로 38 (답십리동) 1522-3232,37.56825403,127.0572409
당산,서울특별시 영등포구 양평로 64 (당산동6가) 1522-3232,37.53510012,126.8999254
당산대로,서울특별시 영등포구 양평로 22 (당산동6가) 1522-3232,37.533121,126.903804
당산역사거리,서울특별시 영등포구 양평로 47 (당산동5가) 1522-3232,37.53399515,126.9011205
대륭서초타워,서울특별시 서초구 강남대로 327 (서초동) 1522-3232,37.49207973,127.0300193
대치,서울특별시 강남구 도곡로 511 (대치동) 1522-3232,37.49966175,127.0622171
대치사거리,서울특별시 강남구 삼성로 402 (대치동) 1522-3232,37.503331,127.058817
대치삼성,서울특별시 강남구 영동대로 237 (대치동) 1522-3232,37.500313,127.066961
대치역,서울특별시 강남구 남부순환로 2936 (대치동) 107호 1522-3232,37.493554,127.061874
대치은마사거리,서울특별시 강남구 도곡로 457 (대치동) 1522-3232,37.498973,127.060172
대치재경빌딩,서울특별시 강남구 남부순환로 2947 (대치동) 1522-3232,37.494668,127.062583
대치한티,서울특별시 강남구 선릉로 324 (대치동) 1522-3232,37.4984818,127.052066
대학로,"서울특별시 종로구 대학로 57, 홍익대학교 대학로캠퍼스 內 (연건동) 1522-3232",37.57649164,127.001471
대한상공회의소R,서울특별시 중구 세종대로 39 (남대문로4가) 1층 1522-3232,37.560938,126.973702
더북한산,서울특별시 은평구 대서문길 24-11 (진관동) 1522-3232,37.65545766,126.9475564
더현대서울(B2)R,서울특별시 영등포구 여의대로 108 (여의도동) 1522-3232,37.52588346,126.9286582
덕성여대,서울특별시 도봉구 삼양로 536 (쌍문동) 1522-3232,37.650906,127.013279
도곡공원,서울특별시 강남구 도곡로 205 (역삼동) 1522-3232,37.492805,127.041309
도곡역,서울특별시 강남구 남부순환로 2909 (대치동) 1522-3232,37.492167,127.057398
도봉구청,서울특별시 도봉구 마들로 665 (도봉동) 1522-3232,37.66950348,127.046038
도봉로DT,서울특별시 도봉구 도봉로 635 (쌍문동) 1522-3232,37.66118059,127.0416301
도산가로수길,"서울특별시 강남구 도산대로 134, 2층 (논현동) 1522-3232",37.5173623,127.0232957
도산사거리,서울특별시 강남구 언주로 727 (논현동) 1522-3232,37.51966,127.0341
독립문역,서울특별시 종로구 송월길 155 경희궁자이 4단지 1층 팰리스애비뉴 4114~4119호 1522-3232,37.571432,126.961269
독산사거리,서울특별시 금천구 시흥대로 426 (독산동) 1522-3232,37.47158263,126.8986055
독산역,"서울특별시 금천구 가산디지털1로 16 (가산동), 107-2, 1층 1522-3232",37.46770967,126.887674
동교,"서울특별시 마포구 월드컵북로 22, 영준빌딩 1층 (동교동) 1522-3232",37.556928,126.919819
동국대,서울특별시 중구 서애로 1길 11 1522-3232,37.561542,126.998437
동대문공원,서울특별시 중구 장충단로 229 (광희동1가) 1522-3232,37.565133,127.007191
동대문두타,서울특별시 중구 장충단로 275 (을지로6가) 1522-3232,37.5691,127.0088
동대문디자인플라자,서울특별시 중구 을지로 281 (을지로7가) 디자인장터 1522-3232,37.5675,127.0094
동대문역사문화공원역,서울특별시 중구 퇴계로 325-9 (광희동2가) 1522-3232,37.56487791,127.0079392
동대입구역,서울특별시 중구 장충단로 166 (장충동1가) 1522-3232,37.55968044,127.0062029
동부이촌동,서울특별시 용산구 이촌로 198 (이촌동) 1522-3232,37.52111,126.96905
동빙고,서울특별시 용산구 장문로 12 (동빙고동) 1522-3232,37.52900453,126.9917628
동숭길입구,서울특별시 종로구 대학로 146 (혜화동) 1522-3232,37.584191,127.001859
동숭로아트,서울특별시 종로구 동숭길 110 (동숭동) 1522-3232,37.582969,127.003876
동여의도,서울특별시 영등포구 국제금융로 86 (여의도동) 롯데캐슬 아이비 1522-3232,37.52063016,126.9316864
동작대로,서울특별시 서초구 동작대로 72 (방배동) 1522-3232,37.4829998,126.9823669
동호로,서울특별시 중구 동호로 171 (신당동) 1522-3232,37.5534784,127.0113052
둔촌동,서울특별시 강동구 양재대로 1303 (성내동) 평원빌딩 1522-3232,37.52264171,127.1339866
둔촌포레온스테이션5,"서울특별시 강동구 양재대로 1360 (둔촌동) 포레온스테이션5 1063, 1064 1522-3232",37.52670891,127.1366722
등촌대로,"서울특별시 강서구 공항대로 543 (염창동, 센터스퀘어) 1522-3232",37.55049218,126.8665096
등촌역,서울특별시 양천구 공항대로 566 (목동) 1층 2층 1522-3232,37.548884,126.86807
디지털미디어시티역,서울특별시 마포구 성암로 179 (상암동) 1522-3232,37.57614873,126.8989479
뚝섬역,서울특별시 성동구 아차산로 42 (성수동1가) 1522-3232,37.546432,127.049042
뚝섬역교차로,서울특별시 성동구 아차산로 6 (성수동1가) 1522-3232,37.54775492,127.0451424
뚝섬한강공원,서울특별시 광진구 강변북로 2234 (자양동) 1522-3232,37.52833825,127.0682726
롯데캐슬여의도,"서울특별시 영등포구 의사당대로 127 (여의도동, 롯데캐슬엠파이어) 1층 104호 1522-3232",37.52025214,126.9263678
르네상스사거리,서울특별시 강남구 테헤란로 306 (역삼동) 1522-3232,37.50268239,127.0441433
리저브광화문,서울특별시 종로구 세종대로 178 (세종로) 1522-3232,37.57242596,126.97768
리저브도산,서울특별시 강남구 선릉로155길 23 (신사동) 1522-3232,37.52554758,127.0377509
마곡GMG,"서울특별시 강서구 마곡중앙6로 16 (마곡동) 117,118,119,120호 1522-3232",37.560487,126.829667
마곡나루공원,서울특별시 강서구 마곡중앙5로 47 (마곡동) 1522-3232,37.567007,126.822246
마곡나루역,서울특별시 강서구 마곡중앙로 161-17 (마곡동) 1522-3232,37.56813,126.82614
마곡보타닉게이트,"서울특별시 강서구 마곡동로 166 (마곡동) 106호,107호,108호 1522-3232",37.56910032,126.8363328
마곡사이언스타워R,서울특별시 강서구 마곡동로 62 (마곡동) 1522-3232,37.5605261,126.833887
마곡역,서울특별시 강서구 공항대로 168 (마곡동) 1522-3232,37.559611,126.826298
마곡웰튼,"서울특별시 강서구 마곡중앙5로 22 (마곡동), 104/105/106호 1522-3232",37.56714289,126.8253152
마곡케이스퀘어,"서울특별시 강서구 마곡중앙로 105-7 (마곡동), 1층 일부 1522-3232",37.5623745,126.8269307
마곡코엑스,서울특별시 강서구 마곡중앙로 143 (마곡동) 1522-3232,37.56530318,126.8257043
마로니에공원,"서울특별시 종로구 대학로 116, 1-2층 (동숭동) 1522-3232",37.58154296,127.0023412
마리오아울렛,서울특별시 금천구 벚꽃로 266 마리오아울렛3관 1522-3232,37.47860691,126.8848483
마포경찰서후문,서울특별시 마포구 마포대로 173-14 (아현동) 1522-3232,37.5508,126.953432
마포구청역,서울특별시 마포구 월드컵로 200 (성산동) 1층 일부 1522-3232,37.56495699,126.9025546
마포아크로,서울특별시 마포구 마포대로 68 (도화동) 마포아크로타워 1522-3232,37.54133484,126.9488666
마포역뉴매드,서울특별시 마포구 마포대로 26 (마포동) 1522-3232,37.53898848,126.9454907
마포염리,서울특별시 마포구 독막로 311 (염리동) 1522-3232,37.543876,126.94768
마포용강동,서울특별시 마포구 토정로 295 (용강동) 1522-3232,37.541186,126.942209
마포이마트,서울특별시 마포구 백범로 212 (신공덕동) 마포이마트 1522-3232,37.542421,126.953341
마포일진빌딩,"서울특별시 마포구 마포대로 45, 일진빌딩 1층 (도화동) 1522-3232",37.54043451,126.9463168
망우동,서울특별시 중랑구 망우로 407 (망우동) 1522-3232,37.59950838,127.0975388
망원역,서울특별시 마포구 월드컵로 74 (서교동) 1522-3232,37.555829,126.910637
망원한강공원,서울특별시 마포구 마포나루길 435 (망원동) 1522-3232,37.55397485,126.8959278
매봉역,서울특별시 강남구 남부순환로 2736 (도곡동) 1522-3232,37.4859095,127.0452879
면목역,서울특별시 중랑구 면목로 403 (면목동) 1522-3232,37.58788013,127.087609
명동길,서울특별시 중구 명동10길 41 1522-3232,37.5620695,126.9858669
명동남산,서울특별시 중구 퇴계로 132 (남산동3가) 1522-3232,37.560809,126.986397
명동메트로,서울특별시 중구 명동9가길 14 (을지로1가) 메트로호텔 1522-3232,37.565118,126.983681
명동역,"서울특별시 중구 퇴계로 101, 건물 전체 (충무로 1가) 1522-3232",37.56086222,126.9831054
명동중앙로,서울특별시 중구 명동길 60 (명동 2가) 1522-3232,37.5637485,126.9857723
명일역,서울특별시 강동구 양재대로 1647 (명일동) 1522-3232,37.55255452,127.1438858
명일이마트,서울특별시 강동구 동남로75길 5 (명일동) 명일이마트별관주차장 1522-3232,37.55417877,127.1561341
명지대,서울특별시 서대문구 거북골로 34 (남가좌동) 1522-3232,37.5790409,126.9227886
목동,서울특별시 양천구 목동서로 67 (목동) 우성에펠타운 1522-3232,37.53638383,126.8785597
목동10단지,"서울특별시 양천구 목동서로 401 (신정동, 대림아크로빌), 상가A동 101,101-1호 1522-3232",37.51542562,126.8596031
목동5단지,"서울특별시 양천구 목동동로 411, 1동 116호(목동, 부영그린타운3차) 1522-3232",37.53638564,126.8821175
목동7단지,서울특별시 양천구 목동서로 213 (목동) 세신비젼프라자 1522-3232,37.528012,126.87053
목동8단지,서울특별시 양천구 목동서로 299 (신정동) 1522-3232,37.520518,126.868841
목동SBS,"서울특별시 양천구 목동서로 161 (목동), 101호, 201호 1522-3232",37.52896162,126.8736301
목동역,서울특별시 양천구 목동로 203 (신정동) 1층일부 1522-3232,37.526684,126.863986
목동오목로,"서울특별시 양천구 오목로 279 (목동) 102,103,104,105호 1522-3232",37.525923,126.868438
목동트라팰리스,서울특별시 양천구 오목로 299 (목동) 1522-3232,37.5255,126.8702
목동파리공원,서울특별시 양천구 목동동로 377 (목동) 1522-3232,37.535336,126.878852
목동행복한,서울특별시 양천구 목동동로 309 (목동) 1522-3232,37.52972768,126.8759452
몬테소리,서울특별시 서초구 강남대로 399 (서초동) 1522-3232,37.4982695,127.026865
몽촌토성역,서울특별시 송파구 위례성대로 6 (방이동) 1522-3232,37.516913,127.113127
무교동,서울특별시 중구 무교로 21 (무교동) 코오롱빌딩 1층 1522-3232,37.56792802,126.9792066
무교로,서울특별시 중구 무교로 15 (무교동) 1522-3232,37.56722072,126.9790766
묵동,"서울특별시 중랑구 동일로 952 (묵동, 로프트원 태릉입구역) 1층 1522-3232",37.615368,127.076633
문래동,"서울특별시 영등포구 선유로 64, 대창타운빌 1층 (문래동3가) 1522-3232",37.519602,126.889652
문래역,서울특별시 영등포구 당산로 34 (문래동3가) 1522-3232,37.517446,126.895258
문정로데오,서울특별시 송파구 동남로 141 (가락동) 1522-3232,37.49185843,127.126231
문정법원로R,서울특별시 송파구 송파대로 201 (문정동) 1522-3232,37.48735627,127.1191198
문정법조타운 한양타워,서울특별시 송파구 법원로11길 12 (문정동) 1522-3232,37.48579659,127.1178142
문정역,"서울특별시 송파구 송파대로 167 (문정동)테라타워 B동 137호~139호,204호 1522-3232",37.4852965,127.1222768
문정역2번출구,서울특별시 송파구 문정로 1 (문정동) 1522-3232,37.4862934,127.1232027
문정하비오,"서울특별시 송파구 송파대로 111 (문정동, 파크하비오) 204동 104호~107호 1522-3232",37.48211913,127.1235407
문화일보,서울특별시 중구 새문안로 22 (충정로1가) 문화일보 1522-3232,37.56712291,126.9686642
미아,서울특별시 성북구 동소문로 314 (하월곡동) 1522-3232,37.607581,127.029303
미아뉴타운,서울특별시 강북구 삼양로 161 (미아동) 1522-3232,37.618319,127.021072
미아사거리역,서울특별시 강북구 도봉로 32 (미아동) 1522-3232,37.61183125,127.0305855
미아역,서울특별시 강북구 도봉로 196 (미아동) 1522-3232,37.626148,127.026578
미아이마트,서울특별시 성북구 도봉로 17 (길음동) 1522-3232,37.61054299,127.0299876
반포역,서울특별시 서초구 신반포로 257 (잠원동) 신반포11차상가 1522-3232,37.508589,127.011959
반포원베일리,서울특별시 서초구 반포대로 291 (반포동) 1522-3232,37.50465708,126.999033
반포자이,서울특별시 서초구 잠원로 24 (반포동) 1522-3232,37.50717048,127.0099189
발산역,서울특별시 강서구 강서로 388 (등촌동) 그랜드마트 1522-3232,37.56033524,126.8391391
발산역5번출구,"서울특별시 강서구 강서로52길 43 (내발산동, DH647), 1층 일부 1522-3232",37.55792247,126.8405403
발산역사거리,서울특별시 강서구 공항대로 248 (마곡동) 1522-3232,37.558509,126.835096
방배,서울특별시 서초구 방배로 211 1522-3232,37.491914,126.9904974
방배다이치빌딩,서울특별시 서초구 방배로 114 (방배동) 1522-3232,37.48431,126.996075
방배로,서울특별시 서초구 방배로 52 (방배동) 1522-3232,37.4793434,126.9994968
방배역,서울특별시 서초구 방배로 84 (방배동) 1522-3232,37.48200755,126.9976438
방배카페거리,서울특별시 서초구 방배중앙로 162 (방배동) 1522-3232,37.4934767,126.9865297
방이역,"서울특별시 송파구 마천로 53, 1~2층 (오금동) 1522-3232",37.50849041,127.1267765
방학역,"서울특별시 도봉구 도봉로 684 (방학동)101,102,113,114,115호 1522-3232",37.6653125,127.0433125
방화DT,서울특별시 강서구 방화대로 375 (방화동) 1522-3232,37.57445683,126.8164881
별다방,서울특별시 중구 퇴계로 100 (회현동2가) 1522-3232,37.5602013,126.9829327
보라매공원R,"서울특별시 동작구 보라매로5길 35 (신대방동, 파크스퀘어,보라매현대APT) 1522-3232",37.49191014,126.9235484
보라매대교빌딩,서울특별시 관악구 보라매로3길 23 (봉천동) 1층 1522-3232,37.491449,126.925432
봉은사로선정릉,서울특별시 강남구 봉은사로 446 (삼성동) 1522-3232,37.51131683,127.0484634
봉은사역,서울특별시 강남구 봉은사로 619 (삼성동) 1522-3232,37.515,127.063196
봉천역,서울특별시 관악구 남부순환로 1730 (봉천동) 1522-3232,37.48203753,126.9422878
봉천현대시장,"서울특별시 관악구 은천로 118 (봉천동), 1층 101~104호 1522-3232",37.48665267,126.9482961
북가좌DT,서울특별시 서대문구 응암로 85 (북가좌동) 1522-3232,37.580758,126.911478
북촌로,서울특별시 종로구 북촌로4길 23 (계동) 1522-3232,37.57941902,126.9864856
불광역,서울특별시 은평구 통일로 715 (대조동) 1522-3232,37.609382,126.9303971
불광역8번출구,서울특별시 은평구 통일로 746 (불광동) 1522-3232,37.61199,126.9289
사가정역,서울특별시 중랑구 면목로 310 1522-3232,37.579594,127.087966
사당,서울특별시 관악구 남부순환로 2082-25 1522-3232,37.4760559,126.980928
사당로데오,서울특별시 서초구 방배천로 5-4(방배동) 1522-3232,37.4772752,126.9821605
사당역,"서울특별시 동작구 동작대로 21, 양지빌딩 1-3층 (사당동) 1522-3232",37.47849216,126.9813456
사이버한국외대,서울특별시 동대문구 휘경로 6 (이문동) 1522-3232,37.5960508,127.0607612
삼선교,서울특별시 성북구 동소문로 10 (동소문동2가) 1522-3232,37.588696,127.0073207
삼성,"서울특별시 강남구 테헤란로 443, 애플트리타워 1층 (삼성동) 1522-3232",37.50689646,127.0557187
삼성교,"서울특별시 강남구 영동대로86길 12, 동남유화빌딩 1층 1522-3232",37.507794,127.06517
삼성동,서울특별시 강남구 영동대로96길 12 (삼성동) 1522-3232,37.51084337,127.0636334
삼성역,서울특별시 강남구 테헤란로 620 (대치동) 1522-3232,37.50920696,127.0656085
삼성역섬유센터R,서울특별시 강남구 테헤란로 518 (대치동) 1522-3232,37.50775,127.060651
삼성현대힐,서울특별시 강남구 삼성로 605 (삼성동) 1522-3232,37.51350444,127.0527375
삼청동,서울특별시 종로구 삼청로 111-1 (삼청동) 1522-3232,37.58541226,126.9819133
상계초교사거리,서울특별시 노원구 노원로 449 (상계동) 1522-3232,37.656776,127.066442
상도대로,"서울특별시 동작구 상도로 218 (상도동), 1층 1522-3232",37.50504793,126.9428938
상도역,서울특별시 동작구 상도로37길 1 (상도1동) 1522-3232,37.5031936,126.9484581
상봉,"서울특별시 중랑구 상봉로 131 (상봉동, 상봉 듀오트리스 주상복합) 1522-3232",37.597842,127.092509
상봉역,서울특별시 중랑구 망우로 307 (상봉동) 1522-3232,37.59689,127.08647
상수역,서울특별시 마포구 독막로 88 (상수동) 1522-3232,37.5474817,126.9232158
상암DMC,"서울특별시 마포구 월드컵북로 375, DMC이안오피스텔1단지 102호,202호 (상암동) 1522-3232",37.57770032,126.8909364
상암MBC,서울특별시 마포구 성암로 267 (상암동) 1522-3232,37.58094224,126.8915854
상암YTN,서울특별시 마포구 상암산로 76 (상암동) 1522-3232,37.57931427,126.8922104
상암디지털큐브,서울특별시 마포구 상암산로 34 1522-3232,37.57613522,126.8889264
상암사보이시티,서울특별시 마포구 월드컵북로54길 17 (상암동) 1522-3232,37.58146221,126.8887855
상왕십리역,서울특별시 성동구 왕십리로 382 (하왕십리동) 1522-3232,37.565,127.0279
상일동,"서울특별시 강동구 상일로10길 36, 1~2층 (상일동) 1522-3232",37.55094836,127.1740954
상일동역,"서울특별시 강동구 고덕로 399 (고덕동, 고덕센트럴푸르지오) 1522-3232",37.55756654,127.1707636
새문안로,서울특별시 종로구 새문안로 92 (신문로1가) 광화문오피시아빌딩 1522-3232,37.56985308,126.9749952
새절역,서울특별시 은평구 증산로 371 (신사동) 1522-3232,37.58942667,126.9128635
샛강역,서울특별시 영등포구 여의대방로 376 (여의도동) 1522-3232,37.51832551,126.9311172
서강광흥창역,서울특별시 마포구 서강로 69 (창전동) 1522-3232,37.549377,126.931661
서강대,서울특별시 마포구 백범로 23 (신수동) 1522-3232,37.5524584,126.9378262
서강대프라자,서울특별시 마포구 백범로 35 (신수동) 1522-3232,37.55102697,126.9431337
서강대흥역,서울특별시 마포구 백범로 89-5 (대흥동) 1522-3232,37.548178,126.941576
서교동사거리,서울특별시 마포구 양화로 105 (서교동) 1522-3232,37.553376,126.918564
서대문역,서울특별시 종로구 통일로 134 (평동) 1522-3232,37.56687533,126.9661107
서대문적십자,서울특별시 종로구 새문안로 9 (평동) 서울적십자병원 별관 상가동 1층 B호 1522-3232,37.56678782,126.9673049
서래마을입구,서울특별시 서초구 서래로 48 (반포동) 1522-3232,37.49925284,126.9984801
서소문로,서울특별시 중구 서소문로 120 (서소문동) 대한빌딩 1522-3232,37.563006,126.974546
서울고속터미널,서울특별시 서초구 신반포로 194 (반포동) 1522-3232,37.5045697,127.0061603
서울교대,"서울특별시 서초구 서초중앙로 64, 1층 (서초동) 1522-3232",37.4874556,127.0152554
서울대역,서울특별시 관악구 남부순환로 1817 (봉천동) 1522-3232,37.48166265,126.9520165
서울대입구역,서울특별시 관악구 남부순환로 1812 (봉천동) 1522-3232,37.48120739,126.9514006
서울대입구역8번출구,서울특별시 관악구 남부순환로 1831 (봉천동) 1522-3232,37.4812061,126.9536942
서울대치과병원,서울특별시 종로구 대학로 101 서울대학교 치과병원 신관1층 1522-3232,37.577331,127.000348
서울세관사거리,서울특별시 강남구 언주로 650 (논현동) 한국건설기술인협회 1522-3232,37.514887,127.035653
서울숲역,서울특별시 성동구 왕십리로 50 (성수동1가) 1층 1522-3232,37.54186897,127.044899
서울아트센터,서울특별시 서초구 남부순환로 2395 (서초동) 호경빌딩 1522-3232,37.480866,127.012368
서울안토,서울특별시 강북구 삼양로 689 (우이동) 지하1층 1522-3232,37.6641955,127.0104073
서울양평역,"서울특별시 영등포구 선유서로24길 6 (양평동1가, 영등포 중흥 S-CLASS) 1522-3232",37.523128,126.885809
서울역동자동,서울특별시 용산구 한강대로 372 (동자동) 1522-3232,37.551752,126.972694
서울역사,서울특별시 용산구 한강대로 405 (동자동) 신-101호 1522-3232,37.554157,126.9717936
서울역서부,서울특별시 용산구 만리재로 202 (서계동) 1522-3232,37.555165,126.968446
서울웨이브아트센터,서울특별시 서초구 잠원로 145-35 (잠원동) 1522-3232,37.518807,127.00704
서울중앙우체국,서울특별시 중구 소공로 70 (충무로 1가) 서울 중앙 우체국 1522-3232,37.561678,126.982117
서울타워,서울특별시 용산구 남산공원길 105 (용산동2가) YTN서울타워 1층 1522-3232,37.551102,126.988317
서이초교사거리,서울특별시 서초구 사임당로 143 (서초동) 1522-3232,37.4918146,127.0252252
서초구청,서울특별시 서초구 남부순환로 2557 (서초동) 1522-3232,37.48435384,127.0300905
서초동,"서울특별시 서초구 남부순환로339길 64, 현우빌딩 1층 (서초동) 1522-3232",37.485941,127.021525
서초법원,서울특별시 서초구 서초대로 274 (서초동) 1522-3232,37.492881,127.01208
서초역,서울특별시 서초구 반포대로 118 (서초동) 1522-3232,37.49067495,127.0086118
서초역이화빌딩,서울특별시 서초구 반포대로21길 3 (서초동) 1522-3232,37.488356,127.009058
서초우면,서울특별시 서초구 태봉로 62 (우면동) 1522-3232,37.46404761,127.0250244
서초우성사거리,서울특별시 서초구 강남대로 343 (서초동) 1522-3232,37.493545,127.02943
서초중앙로,서울특별시 서초구 서초중앙로 225 1522-3232,37.501691,127.01152
서초태우빌딩,서울특별시 서초구 강남대로 285 (서초동) 1522-3232,37.48870505,127.0315812
서초파라곤,서울특별시 서초구 서초대로74길 29 (서초동) 서초파라곤 1522-3232,37.49494259,127.0274263
석촌서호,서울특별시 송파구 석촌호수로 176 (삼전동) 1522-3232,37.5063929,127.0964684
석촌역,"서울특별시 송파구 백제고분로 358, 1층 (석촌동) 1522-3232",37.50442906,127.1062992
석촌호수,서울특별시 송파구 석촌호수로 262 (송파동) 1522-3232,37.50957859,127.1053264
선릉동신빌딩R,서울특별시 강남구 테헤란로 409 (삼성동) 1522-3232,37.505321,127.050409
선릉로,"서울특별시 강남구 선릉로93길 22, 대흥빌딩 1층 (역삼동) 1522-3232",37.50498119,127.0468081
선릉세화빌딩,서울특별시 강남구 테헤란로64길 18 (대치동) 1층 1522-3232,37.50377562,127.051196
선릉역,"서울특별시 강남구 테헤란로 334, LG화재 빌딩 (역삼동) 1522-3232",37.50393894,127.0485135
선유도역 1번출구,서울특별시 영등포구 양평로 128 (양평동5가)양평로 128 1522-3232,37.538333,126.893612
선유동이레빌딩,서울특별시 영등포구 선유동2로 57 (양평제1동) 이레빌딩 1522-3232,37.53427768,126.8969763
선정릉역,서울특별시 강남구 봉은사로 407 (삼성동) 에프오빌딩 1522-3232,37.5107549,127.0445597
성대입구,서울특별시 종로구 창경궁로 235 (명륜3가) 1522-3232,37.582892,126.998392
성수,서울특별시 성동구 아차산로 104 (성수동2가) 1522-3232,37.54446208,127.0554133
성수낙낙,서울특별시 성동구 광나루로8길 31 (성수동2가) 성수낙낙 1층 101~107호 1522-3232,37.547326,127.066367
성수역,서울특별시 성동구 성수이로 94 (성수동2가) 1522-3232,37.543193,127.056943
성신여대,서울특별시 성북구 동소문로24길 12 (동선동1가) 1522-3232,37.593135,127.018379
성신여대입구역,서울특별시 성북구 동소문로 105 (동선동4가) 1522-3232,37.59304,127.016641
성신여대정문,서울특별시 성북구 보문로34길 62 (동선동2가) 1522-3232,37.59091,127.0188
세종대로,서울특별시 중구 세종대로 135-5 (태평로1가) 1522-3232,37.568678,126.976493
센터필드R,서울특별시 강남구 테헤란로 231 (역삼동) 1522-3232,37.50369465,127.0417208
센트럴F1,서울특별시 서초구 신반포로 176 (반포동) 1522-3232,37.505148,127.004395
센트럴시티,서울특별시 서초구 신반포로 176 (반포동) 1522-3232,37.504707,127.004459
소공로,"서울특별시 중구 남대문로7길 19, 삼영빌딩 1층 일부 (소공동) 1522-3232",37.563883,126.980849
송정역,"서울특별시 강서구 공항대로 38 (공항동), 1층 일부 1522-3232",37.56105571,126.8115099
송파KT,"서울특별시 송파구 잠실로 209 (신천동), 오피스빌딩 1층 2~4호 1522-3232",37.51394208,127.1069923
송파NC,서울특별시 송파구 충민로 66 (문정동)  가든파이브라이프 패션관1층 1522-3232,37.47804419,127.1258008
송파개롱역,서울특별시 송파구 오금로 420 (가락동) 1522-3232,37.49713613,127.136313
송파거여역,서울특별시 송파구 오금로 493 (거여동) 1522-3232,37.49360001,127.1436454
송파나루역DT,서울특별시 송파구 오금로 142 (송파동) 1522-3232,37.510976,127.110358
송파마천사거리DT,서울특별시 송파구 거마로 78 (마천동) 1522-3232,37.499829,127.147672
송파방이DT,서울특별시 송파구 오금로 241 (방이동) 1522-3232,37.506564,127.120495
송파사거리,서울특별시 송파구 송파대로 386 (송파동) 1522-3232,37.5022788,127.1103904
송파아이파크,서울특별시 송파구 법원로 55 (문정동) 1522-3232,37.47979344,127.1224204
송파위례,"서울특별시 송파구 위례광장로 230 (장지동, 위례2차아이파크) 1522-3232",37.478416,127.143161
송파헬리오시티,"서울특별시 송파구 송파대로 345 (가락동, 헬리오시티) 1522-3232",37.49778269,127.102852
수색,서울특별시 은평구 수색로 216 (수색동) 1522-3232,37.58006407,126.8995624
수서역R,서울특별시 강남구 광평로 281 (수서동) 1522-3232,37.48802242,127.1029799
수서역사거리,서울특별시 강남구 광평로 280 (수서동) 1522-3232,37.48740078,127.1029225
수유역,서울특별시 강북구 도봉로 342 (번동) 1522-3232,37.6380167,127.026135
수유역5번출구,"서울특별시 강북구 도봉로 315 (수유동, 에피소드 수유 838) 1522-3232",37.63672268,127.0233221
숙대입구역,서울특별시 용산구 한강대로 291 (갈월동) 1522-3232,37.54422578,126.971957
숙명여대정문,서울특별시 용산구 청파로47길 100 (청파동2가) 프라임관B1F(로비층) 1522-3232,37.54474797,126.964842
순천향입구,서울특별시 용산구 대사관로 67 (한남동) 1522-3232,37.533394,127.00563
순화동더샵,"서울특별시 중구 칠패로 27, 1층 (순화동) 1522-3232",37.559992,126.971851
숭례문,"서울특별시 중구 세종대로 17, 그레이츠 숭례 1층 (남대문로5가) 1522-3232",37.55874473,126.9730952
숭례문SG타워,서울특별시 중구 세종대로 14 (남대문로5가) 1522-3232,37.5581293,126.9742637
숭례문북창,서울특별시 중구 세종대로12길 12 (남대문로4가) 1522-3232,37.561725,126.976838
숭실대,서울특별시 동작구 사당로 4 (상도동) 1522-3232,37.49538073,126.9548891
숭실대입구역,서울특별시 동작구 상도로 354 (상도동) 1522-3232,37.4968346,126.9527123
스타필드코엑스몰R,서울특별시 강남구 영동대로 513 (삼성동) 코엑스 A106호 1522-3232,37.50999,127.061455
스페이스본,서울특별시 종로구 사직로8길 4 (사직동) 광화문 풍림스페이스본 1522-3232,37.57493108,126.9692173
시청,"서울특별시 중구 을지로 19, 삼성화재삼성빌딩 1층 (을지로1가) 1522-3232",37.56629,126.979808
시청역11번출구,서울특별시 중구 서소문로 129 (서소문동) 1522-3232,37.56377593,126.9753057
신금호역,서울특별시 성동구 금호로 158-1 (금호동1가) 1~5층 전체 1522-3232,37.55495379,127.0201108
신논현역,"서울특별시 서초구 사평대로 367 (반포동), 1층 1522-3232",37.50437552,127.0231025
신논현역3번출구,서울특별시 강남구 강남대로 488 (논현동) 1522-3232,37.50587698,127.0242895
신당역,"서울특별시 중구 퇴계로 385, 1층 (흥인동) 1522-3232",37.5654034,127.0143524
신당역사거리,서울특별시 중구 다산로 258 (흥인동) 1522-3232,37.565807,127.01643
신대방삼거리역,서울특별시 동작구 상도로 102 (상도동) 1522-3232,37.50034872,126.9319876
신도림센터포인트,"서울특별시 구로구 새말로 97 (구로동)신도림센터포인트웨스트 지하1층 오01호, 오02호 1522-3232",37.50774169,126.8903511
신도림힐스테이트,서울특별시 구로구 경인로 625 (신도림동) 1522-3232,37.50686003,126.8846381
신림,서울특별시 관악구 신림로 355-1 (신림동) 1522-3232,37.48609493,126.9291602
신림DT,서울특별시 관악구 남부순환로 1419 (신림동) 1522-3232,37.480935,126.908407
신림녹두거리,"서울특별시 관악구 신림로 99 (신림동, 센터스퀘어 서울대점) 1522-3232",37.4704882,126.9381587
신림타임스트림,서울특별시 관악구 신림로 330 타임스트림 1층 1522-3232,37.48407102,126.9302583
신사가로수,서울특별시 강남구 가로수길 59  1522-3232,37.521933,127.022521
신사역,서울특별시 강남구 도산대로 108 (논현동) 렉스타워 1522-3232,37.5162021,127.0207428
신사역성일빌딩,서울특별시 강남구 강남대로 584 (논현동) 1522-3232,37.5139309,127.0206057
신설동역,서울특별시 동대문구 왕산로 19 (신설동) 1522-3232,37.5767228,127.0255446
신세계본점6F,서울특별시 중구 퇴계로 77 (충무로1가) 1522-3232,37.560381,126.980758
신세계푸드마켓도곡,"서울특별시 강남구 언주로30길 57, 타워팰리스Ⅱ F 지하1층 (도곡동) 1522-3232",37.49010201,127.0550702
신압구정,서울특별시 강남구 언주로174길 29 (신사동) 1522-3232,37.528115,127.036441
신용산역,"서울특별시 용산구 한강대로 95 (한강로2가, 래미안용산) 1522-3232",37.5286259,126.9668945
신월IC DT,서울특별시 양천구 남부순환로 430 (신월동) 1522-3232,37.52950244,126.8322023
신월동DT,서울특별시 양천구 남부순환로 319 (신월동) 1522-3232,37.53829235,126.8271014
신정DT,서울특별시 양천구 신월로 341 (신정동) 1522-3232,37.521993,126.858865
신촌,서울특별시 서대문구 연세로 10-1 (창천동) 1522-3232,37.55650191,126.93697
신촌로,서울특별시 서대문구 신촌로 109 (창천동) 1522-3232,37.55580883,126.9382863
신촌명물거리,"서울특별시 서대문구 명물길 24, 1-5층 (창천동) 1522-3232",37.55776843,126.9381545
신촌역,서울특별시 서대문구 신촌로 73 (창천동) 1522-3232,37.55625738,126.934653
신촌오거리,서울특별시 마포구 신촌로16길 10 (노고산동) 1522-3232,37.555137,126.934694
신풍역,서울특별시 영등포구 신풍로 23 (신길동) 1522-3232,37.50034696,126.9084384
쌍문,서울특별시 도봉구 도봉로 494 (창동) 1522-3232,37.649424,127.035577
쌍문도봉로,서울특별시 도봉구 도봉로 444 (창동) 1522-3232,37.6453516,127.0331011
아시아선수촌,서울특별시 송파구 백제고분로 69 (잠실동) 1522-3232,37.51059,127.079047
아차산역,서울특별시 광진구 천호대로 676 (구의동) 1522-3232,37.55062116,127.0900321
아크로힐스논현,"서울특별시 강남구 봉은사로 304, 금강빌딩 1-2층 (역삼동) 1522-3232",37.50901331,127.0403524
아크플레이스,서울특별시 강남구 테헤란로 142 (역삼동) 1522-3232,37.49971982,127.0349084
아현역,"서울특별시 서대문구 신촌로35길 10 (북아현동, e편한세상신촌 4단지) 1522-3232",37.55824501,126.9561691
아현역대로,서울특별시 마포구 신촌로 262 (아현동) 1522-3232,37.5571701,126.9549079
안국,서울특별시 종로구 북촌로 5-1 (재동) 1522-3232,37.57739395,126.9857643
안암역,서울특별시 성북구 고려대로 102-2 (안암동5가) 1522-3232,37.586319,127.030556
암사역,서울특별시 강동구 올림픽로 786 (암사동) 1522-3232,37.55128202,127.1281051
압구정,서울특별시 강남구 압구정로30길 17 (신사동) 1522-3232,37.526283,127.02956
압구정R,서울특별시 강남구 언주로 861 (신사동) 1522-3232,37.5273669,127.033061
압구정로,서울특별시 강남구 압구정로42길 32 (신사동) 1522-3232,37.52680046,127.0347174
압구정로데오역,"서울특별시 강남구 선릉로 836, 삼원빌딩 1,2층 (청담동) 1522-3232",37.526549,127.040437
압구정미소,서울특별시 강남구 논현로 841 (신사동) 1522-3232,37.52391271,127.0280721
압구정역,"서울특별시 강남구 압구정로 170, 관영빌딩 1층 지하1층 (신사동) 1522-3232",37.52674095,127.0281105
압구정역사3번출구,서울특별시 강남구 논현로 854 (신사동) 1522-3232,37.52575282,127.0288619
압구정윤성빌딩,서울특별시 강남구 논현로 834 (신사동) 1522-3232,37.5227934,127.0286009
압구정현대아파트,서울특별시 강남구 논현로175길 38 (신사동) 1522-3232,37.52521971,127.0256602
애오개역,"서울특별시 마포구 마포대로 201, 마포트라팰리스II (아현동) 1522-3232",37.55229379,126.9557935
약수역,서울특별시 중구 다산로 129 (신당동) 1522-3232,37.555437,127.0107253
양원역,서울특별시 중랑구 양원역로10길 3 (망우동) 1522-3232,37.60665363,127.1063598
양재강남빌딩R,서울특별시 강남구 남부순환로 2621 (도곡동) 1522-3232,37.485192,127.036685
양재역,서울특별시 서초구 강남대로 202 (양재동) 모산빌딩 1522-3232,37.48237953,127.0368534
양재역신분당역사,서울특별시 서초구 남부순환로 2585 신분당선 양재역 지하1층 12호(7번출구쪽) 1522-3232,37.48393473,127.0345442
양재하나로마트,서울특별시 서초구 청계산로 10 (양재동) 1522-3232,37.462361,127.043181
양천향교역,서울특별시 강서구 양천로 344 (마곡동) 1522-3232,37.56785182,126.8408208
어린이대공원역,서울특별시 광진구 능동로 243 (군자동) 1522-3232,37.551946,127.076404
언주역,서울특별시 강남구 봉은사로 222 (역삼동) 1522-3232,37.507975,127.036478
엔터식스,서울특별시 성동구 왕십리광장로 17 (행당동) 1522-3232,37.561863,127.037852
여의도,서울특별시 영등포구 국제금융로2길 28 (여의도동) 1522-3232,37.52408577,126.924726
여의도ABL타워,서울특별시 영등포구 의사당대로 147 (여의도동) 알리안츠타워 1522-3232,37.51891607,126.9280116
여의도IFC(1F),서울특별시 영등포구 국제금융로 10 (여의도동) 1522-3232,37.525273,126.924668
여의도IFC몰(L1)R,서울특별시 영등포구 국제금융로 10 (여의도동)  지하1층 178호 1522-3232,37.52538632,126.9260652
여의도IFC몰(L2)STREET,서울특별시 영등포구 국제금융로 10 (여의도동) L2 S15 1522-3232,37.52392601,126.9249835
여의도KBS R,서울특별시 영등포구 의사당대로 26 (여의도동) 1522-3232,37.526596,126.918456
여의도TP타워,서울특별시 영등포구 의사당대로 96 (여의도동) 1522-3232,37.52140431,126.9232015
여의도공원R,서울특별시 영등포구 여의공원로 101 (여의도동) 1522-3232,37.52912953,126.9253573
여의도교직원공제회,서울특별시 영등포구 여의나루로 50 (여의도동) 1522-3232,37.5219149,126.9255879
여의도브라이튼,"서울특별시 영등포구 국제금융로 39 (여의도동, 브라이튼 여의도), 1층 1522-3232",37.52410062,126.9298173
여의도역R,서울특별시 영등포구 의사당대로 83 (여의도동) 1층 1522-3232,37.523328,126.923439
여의도원센티널,서울특별시 영등포구 여의대로 70 (여의도동) 1522-3232,37.52505179,126.9242414
여의도의사당,서울특별시 영등포구 국회대로74길 12 (여의도동) 1522-3232,37.530023,126.92109
여의도일신,서울특별시 영등포구 은행로 11 (여의도동) 1층 1부 1522-3232,37.52774993,126.9202762
여의도한강공원,서울특별시 영등포구 여의동로 338 (여의도동) 선착장 3층 1522-3232,37.52893,126.9345411
여의도한양증권,서울특별시 영등포구 국제금융로6길 7 (여의도동) 한양증권 1522-3232,37.52239462,126.9291395
여의도호성,"서울특별시 영등포구 여의대방로65길 24, 호성빌딩 1층 (여의도동) 1522-3232",37.52047778,126.9292064
역삼대로,"서울특별시 강남구 테헤란로 211, 한국고등교육재단빌딩 1층 (역삼동) 1522-3232",37.501623,127.039375
역삼럭키,서울특별시 강남구 도곡로 183 (역삼동) 1522-3232,37.492209,127.039389
역삼아레나빌딩,서울특별시 강남구 언주로 425 (역삼동) 1522-3232,37.501087,127.043069
역삼이마트,서울특별시 강남구 역삼로 310 (역삼동) 1522-3232,37.499367,127.048425
역삼초교사거리,서울특별시 강남구 역삼로 123 (역삼동) 1522-3232,37.49416922,127.0331779
역삼포스코,"서울특별시 강남구 테헤란로 134, P&S TOWER (역삼동) 1522-3232",37.499721,127.033582
연대,서울특별시 서대문구 연세로 35 (창천동) 1522-3232,37.558706,126.936727
연대동문,서울특별시 서대문구 성산로 565 (대신동) 1522-3232,37.56648507,126.9463253
연세백양로,서울특별시 서대문구 연세로 50 (신촌동) 연세대학교 1522-3232,37.56287446,126.93744
연세세브란스,서울특별시 중구 통일로 10 (남대문로5가) 1522-3232,37.557207,126.97354
연세암병원,서울특별시 서대문구 연세로 50-1 (신촌동) 1522-3232,37.56046655,126.9374534
연세종합관,"서울특별시 서대문구 연세로 50, 연세세브란스 종합관 (신촌동) 1522-3232",37.56146854,126.9411197
연신내,서울특별시 은평구 통일로 867 (갈현동) 1522-3232,37.6203213,126.9198976
연신내역5번출구,"서울특별시 은평구 연서로 222 (대조동), 1층 1522-3232",37.61813536,126.9203813
연신내역사거리,서울특별시 은평구 통일로 842 (불광동) 1522-3232,37.61877394,126.9217989
연합뉴스,서울특별시 종로구 율곡로2길 25 (수송동) 1522-3232,37.57462714,126.9804754
연희DT,서울특별시 서대문구 연희로 144 (연희동) 1522-3232,37.5702143,126.9339777
연희동,서울특별시 서대문구 연희로 79 (연희동) 1522-3232,37.56545506,126.9295527
염창대로,"서울특별시 강서구 양천로 744 (염창동), 101호 1522-3232",37.54854791,126.8782593
염창역,서울특별시 강서구 공항대로 627 (염창동) 1522-3232,37.547359,126.874436
영동2교,"서울특별시 서초구 논현로 139, 대흥빌딩 (양재동) 1522-3232",37.48203954,127.0425748
영등포KT,서울특별시 영등포구 영중로 119 (영등포동8가) 1522-3232,37.526419,126.905314
영등포구청역,서울특별시 영등포구 국회대로 558  1522-3232,37.52796774,126.8962044
영등포본동,서울특별시 영등포구 영등포로 254 (영등포동3가) 1522-3232,37.518713,126.909559
영등포시장교차로,서울특별시 영등포구 영중로 45 (영등포동6가) 1522-3232,37.5204239,126.904446
영등포시장역,서울특별시 영등포구 영중로 79 (영등포동7가) 1522-3232,37.52348591,126.9050032
영등포신길,"서울특별시 영등포구 신길로 137 (신길동) 1,2층 1522-3232",37.504566,126.910073
영등포역,서울특별시 영등포구 경인로 870 (영등포동1가) 1522-3232,37.51702,126.909191
오류동역,서울특별시 구로구 경인로 216 (오류동) 1522-3232,37.4962155,126.8448614
오목교역,서울특별시 양천구 오목로 354 (목동) 1522-3232,37.52385593,126.8764499
옥수,서울특별시 성동구 독서당로 202 (옥수동) 1522-3232,37.5430298,127.0133661
올림픽공원남문,서울특별시 송파구 위례성대로 102 (방이동) 1522-3232,37.5133,127.123113
올림픽공원북2문,서울특별시 강동구 강동대로 199 (성내동) 1522-3232,37.5241832,127.1286775
올림픽대교북단,서울특별시 광진구 광나루로 608 (구의동) 1522-3232,37.541129,127.09524
올림픽아파트,서울특별시 송파구 양재대로 1220 (방이동) 1522-3232,37.515315,127.133237
올림픽평화의문,서울특별시 송파구 위례성대로 38 (방이동) 해태그린피아빌라트 1522-3232,37.5156426,127.1164819
올림픽훼미리,서울특별시 송파구 중대로 68 (문정동) 1522-3232,37.49161638,127.1162657
왕십리역,서울특별시 성동구 왕십리로 326 (도선동) 1522-3232,37.5627541,127.0339072
왕십리역9번출구,서울특별시 성동구 고산자로 234 (행당동) 1522-3232,37.56054272,127.0352673
외대정문,서울특별시 동대문구 이문로 93 (이문동) 1522-3232,37.59532316,127.0593373
용산리첸시아,"서울특별시 용산구 백범로 341 (원효로1가, 리첸시아 용산) 1522-3232",37.53835681,126.967241
용산아이파크몰1F,서울특별시 용산구 한강대로23길 55 1층 (한강로3가) 1522-3232,37.52886849,126.9645412
용산아이파크몰6F,서울특별시 용산구 한강대로23길 55 1522-3232,37.52958048,126.9640261
용산역써밋R,"서울특별시 용산구 한강대로 69 (한강로2가, 용산푸르지오써밋) 1522-3232",37.52743397,126.9656534
용산이마트,서울특별시 용산구 한강대로23길 55 (한강로3가) 용산이마트 지하 2층 1522-3232,37.52970001,126.9657316
용산전자랜드,서울특별시 용산구 청파로 74 (한강로3가) 1522-3232,37.53283406,126.9610914
용산파크타워,"서울특별시 용산구 서빙고로 67 (용산동5가, 파크타워) 1522-3232",37.523818,126.970389
용산해링턴스퀘어,서울특별시 용산구 서빙고로 17 (한강로3가) 1522-3232,37.52653796,126.9673621
우리은행본점B1F,서울특별시 중구 소공로 51 (회현동1가) 1522-3232,37.55958973,126.9817781
우장산역,서울특별시 강서구 강서로 267 (내발산동) 1522-3232,37.54951004,126.8360616
원그로브,"서울특별시 강서구 공항대로 165 (마곡동)지하1층, WB115호 1522-3232",37.56124715,126.8246555
월계역,"서울특별시 노원구 초안산로2라길26 월계동(104,105,106호) 1522-3232",37.6295,127.0574
월계이마트,서울특별시 노원구 마들로3길 15 (월계동) 1522-3232,37.62715819,127.0620955
월계트레이더스,서울특별시 노원구 마들로3길 17 (월계동) 1522-3232,37.62759527,127.0619061
월곡역,"서울특별시 성북구 화랑로 76, 101-1호 (하월곡동) 1522-3232",37.60203,127.040643
은평구청입구,서울특별시 은평구 은평로 170 (응암동) 1522-3232,37.601042,126.926789
은평이마트,서울특별시 은평구 은평로 111 (응암동) 1522-3232,37.60037923,126.9202735
은행사거리,"서울특별시 노원구 중계로 217, 중흥빌딩 103,203호 (중계동) 1522-3232",37.65048782,127.0759793
을지로2가,서울특별시 중구 삼일대로 358 (을지로2가) 1522-3232,37.566347,126.988066
을지로4가역,서울특별시 중구 을지로 170 (을지로4가) 1522-3232,37.56634407,126.9975325
을지로경기빌딩,서울특별시 중구 남대문로10길 9 (삼각동) 경기빌딩 1522-3232,37.56707722,126.9832223
을지로국제빌딩,서울특별시 중구 남대문로 109 (다동) 1522-3232,37.566952,126.982219
을지로삼화타워,서울특별시 중구 을지로5길 16 (을지로2가) 1층 1522-3232,37.566902,126.984707
을지로한국빌딩,"서울특별시 중구 을지로 50, 1층 (을지로 2가) 1522-3232",37.565722,126.98329
을지병원사거리,"서울특별시 강남구 논현로 752 (논현동,구산빌딩) 1522-3232",37.5191632,127.0286446
응암역2번출구,서울특별시 은평구 연서로 17 (역촌동) 1522-3232,37.6006318,126.915779
이대,서울특별시 서대문구 이화여대길 34 (대현동) 1522-3232,37.55848315,126.9459643
이대ECC,서울특별시 서대문구 이화여대길 52 (대현동) 이화여자대학교 B415호 1522-3232,37.561631,126.94735
이대역,서울특별시 서대문구 신촌로 183 (대현동) 1522-3232,37.5570246,126.9463066
이마빌딩,서울특별시 종로구 종로1길 42 (수송동) 1522-3232,37.5738637,126.9789715
이마트타워,서울특별시 중구 세종대로7길 37 (순화동) 1층 1522-3232,37.56074346,126.9725284
이수역,서울특별시 서초구 동작대로 112 (방배동) 1522-3232,37.4864664,126.9827403
이수역13번출구,"서울특별시 동작구 동작대로27길 5 (사당동), 1층 1522-3232",37.48733712,126.9814933
이수역사거리,"서울특별시 서초구 서초대로 3-4 (방배동, 방배디오슈페리움1) 1522-3232",37.48585,126.983027
이수자이,서울특별시 동작구 사당로 300 (사당동 이수자이) 1522-3232,37.484414,126.980047
이촌,서울특별시 용산구 이촌로 276 (이촌동) 1522-3232,37.518605,126.977271
이케아강동,서울특별시 강동구 고덕비즈밸리로 51 (고덕동) 1522-3232,37.56626153,127.1575311
이태원역,서울특별시 용산구 이태원로 188 (이태원동) 1522-3232,37.534273,126.994789
인사,서울특별시 종로구 인사동길 14 (인사동) 1522-3232,37.57220884,126.9867982
자양사거리,서울특별시 광진구 아차산로 355 1522-3232,37.5371158,127.0825821
자양역,"서울특별시 광진구 능동로 18 (자양동, 이튼타워리버3차) 1522-3232",37.53268464,127.0678785
자양이마트,서울특별시 광진구 아차산로 272 (자양동) 지하1층 1522-3232,37.53862005,127.0734896
잠실대교남단R,서울특별시 송파구 송파대로 570 타워 730 1층 1522-3232,37.515511,127.099006
잠실본동,"서울특별시 송파구 백제고분로 91 (잠실동), 1층 1522-3232",37.50864459,127.079491
잠실새내역,서울특별시 송파구 올림픽로 96 (잠실동) 1522-3232,37.511679,127.081062
잠실시그마타워,서울특별시 송파구 올림픽로 289 (신천동) 1522-3232,37.51461,127.102774
잠실역,"서울특별시 송파구 송파대로 562 (신천동, 웰리스타워,삼성웰리스아파트) 1층,2층 1522-3232",37.515272,127.099231
잠실트리지움,서울특별시 송파구 석촌호수로 61 (잠실동) 1522-3232,37.5109647,127.0861225
잠실푸르지오월드,"서울특별시 송파구 올림픽로35가길 9, 잠실푸르지오월드마크 1층 (신천동) 1522-3232",37.517287,127.103247
잠실학원사거리,서울특별시 송파구 삼전로 102 (삼전동) 1522-3232,37.5073157,127.0909887
장안사거리,서울특별시 동대문구 답십리로 267 (장안동) 1522-3232,37.5727209,127.0700927
장위뉴타운,서울특별시 성북구 장월로38길 4 (장위동) 1522-3232,37.61807232,127.0515285
장충라운지R,서울특별시 중구 장충단로4길 25 (장충동1가) 1522-3232,37.56103691,127.0073347
장한평역,서울특별시 동대문구 장한로 10 (장안동) 1522-3232,37.562337,127.065511
적선,"서울특별시 종로구 새문안로5길 55, 노스게이트빌딩 1층 (적선동) 1522-3232",37.57529941,126.9741245
정동,서울특별시 종로구 새문안로 42 (신문로2가) 1522-3232,37.56866486,126.9700207
정부서울청사R,서울특별시 종로구 새문안로5가길 28 (적선동) 1522-3232,37.57462131,126.9736776
종각,서울특별시 종로구 종로 64 (종로2가) 1522-3232,37.57001689,126.9845035
종로3가,"서울특별시 종로구 종로 113-1, 1-4층 (종로3가) 1522-3232",37.57056486,126.990217
종로R,서울특별시 종로구 종로 51 (종로2가) 1522-3232,37.5708,126.9834
종로관수,서울특별시 종로구 삼일대로20길 13 (관수동) 1522-3232,37.56971102,126.9886352
종로관철,"서울특별시 종로구 종로12길 21, 2층 (관철동) 1522-3232",37.5691386,126.9859328
종로구청,서울특별시 종로구 삼봉로 71 (수송동) 1522-3232,37.57249861,126.9809514
종로수송,서울특별시 종로구 종로5길 30 (청진동) 1~3층 1522-3232,37.57165163,126.9806234
종로평창동,서울특별시 종로구 평창12길 3 (평창동) 1522-3232,37.60614771,126.9673641
종로플레이스,서울특별시 종로구 창경궁로 120 (인의동) 1522-3232,37.57305,126.9979
종암,서울특별시 성북구 종암로 122 (종암동) 1522-3232,37.601095,127.033847
종암DT,서울특별시 성북구 종암로 17 (종암동) 1522-3232,37.5919525,127.0360401
주얼리시티,서울특별시 종로구 종로 183 (인의동) 효성주얼리시티 1522-3232,37.57148292,126.9986666
중계역,"서울특별시 노원구 동일로 1339, 대한빌딩 (상계동) 1522-3232",37.64817,127.062244
중곡역,"서울특별시 광진구 능동로 400 (중곡동) 1층 108,109,110,111,112,118 6개호실 1522-3232",37.56505701,127.0844523
중구저동,서울특별시 중구 수표로 34 (저동2가) 1522-3232,37.5643686,126.9903382
중랑구청,서울특별시 중랑구 신내로 72 1522-3232,37.60538908,127.0957558
중랑역,서울특별시 중랑구 망우로30길 3 (상봉동) 1522-3232,37.5930326,127.0747358
중앙대,서울특별시 동작구 흑석로 75-1 (흑석동) 1522-3232,37.506933,126.958125
중화역,서울특별시 중랑구 봉화산로 35 1층 1522-3232,37.60170912,127.0784114
진관DT,서울특별시 은평구 연서로 645 (진관동) 1522-3232,37.6501787,126.9361968
창동역,서울특별시 도봉구 마들로13길 61 (창동) 1522-3232,37.65409007,127.0495023
창동이마트,서울특별시 도봉구 노해로65길 4 (창동) 1522-3232,37.65167649,127.0469283
천호대로길동,서울특별시 강동구 천호대로 1131 거산 유팰리스 1522-3232,37.534651,127.13721
천호사거리,서울특별시 강동구 올림픽로 651 (천호동) 1522-3232,37.539702,127.123542
천호이마트,서울특별시 강동구 천호대로 1015-14 (천호동) 이마트별관 1522-3232,37.53898428,127.125179
청계산입구역,서울특별시 서초구 청계산로 203 (신원동) 1522-3232,37.447323,127.05625
청계크리스탈스퀘어,서울특별시 중구 청계천로 106 (수표동) 1522-3232,37.5679,126.98933
청담,"서울특별시 강남구 도산대로 532, 인희빌딩 1층 (청담동) 1522-3232",37.5243631,127.0515599
청담사거리,서울특별시 강남구 도산대로 458 (청담동) 리츠타워 1522-3232,37.5236351,127.0468651
청담스타R,서울특별시 강남구 도산대로57길 24 (청담동) 1522-3232,37.525216,127.041827
청담역,서울특별시 강남구 삼성로 709 (청담동) 1522-3232,37.51944073,127.0495527
청담역6번출구,서울특별시 강남구 삼성로 634 (삼성동) 1522-3232,37.51660208,127.0517528
청담영동대로,서울특별시 강남구 영동대로 720 (청담동) 1522-3232,37.522156,127.056449
청량리역롯데캐슬스카이,"서울특별시 동대문구 답십리로 27 (전농동, 청량리역 롯데캐슬 SKY-L65) 1522-3232",37.57924927,127.0453311
청량리역사,서울특별시 동대문구 왕산로 214 (전농동) 청량리역사 Connect Place6층 1522-3232,37.58056532,127.0485648
충무로,서울특별시 중구 충무로 3 (필동1가) 1522-3232,37.56149598,126.9928231
충정로역,서울특별시 서대문구 충정로 23 1522-3232,37.56137,126.963219
충정타워,"서울특별시 서대문구 서소문로 21, 충정타워빌딩 1층 (충정로3가) 1522-3232",37.559869,126.96411
케이스퀘어강남,서울특별시 강남구 강남대로94길 10 (역삼동) 1522-3232,37.49919146,127.0282044
코엑스몰,서울특별시 강남구 영동대로 513 (삼성동) O103호 1522-3232,37.513715,127.059245
코엑스별마당,서울특별시 강남구 영동대로 513 (삼성동) 1522-3232,37.51015,127.060275
코엑스사거리,서울특별시 강남구 영동대로 616 (삼성동) 1522-3232,37.515351,127.060109
코엑스아셈타워,서울특별시 강남구 영동대로 517 (삼성동) 1522-3232,37.513019,127.059838
큰길타워,"서울특별시 강남구 테헤란로 223, 큰길타워빌딩 (역삼동) 1522-3232",37.50236693,127.0407
타임스퀘어2F,서울특별시 영등포구 영중로 15 지상2층 (영등포동4가) 1522-3232,37.51760769,126.9032404
타임스퀘어B2,"서울특별시 영등포구 영중로 15, 지하2층 (영등포동4가) 1522-3232",37.5176752,126.9031725
타임스퀘어R,서울특별시 영등포구 영중로 15 지하 1층 (영등포동4가) 1522-3232,37.51809815,126.905307
태릉입구역DT,서울특별시 노원구 화랑로 469 (공릉동) 1522-3232,37.61942,127.07932
태평로,"서울특별시 중구 세종대로 72, 대영빌딩 1층 (태평로2가) 1522-3232",37.56248285,126.9767928
테헤란로아남타워,서울특별시 강남구 테헤란로 311 (역삼동) 1522-3232,37.50383,127.04487
파미에파크R,서울특별시 서초구 사평대로 205 (반포동) CENTRALCITY 1522-3232,37.5030521,127.004362
퍼시픽타워,"서울특별시 중구 세종대로9길 41, 퍼시픽타워 1층 (서소문동) 1522-3232",37.56132157,126.9730264
포스코,"서울특별시 강남구 삼성로86길 7, 1층 (대치동) 1522-3232",37.50576458,127.0580449
포스코사거리,서울특별시 강남구 테헤란로 505 (삼성동) 화진빌딩 1522-3232,37.5075307,127.0574271
포이,서울특별시 강남구 논현로 88 (개포동) 1522-3232,37.47781106,127.0451411
포포인츠구로,"서울특별시 구로구 디지털로32길 72, 포포인츠바이쉐라톤 구로 1층 (구로동) 1522-3232",37.4831293,126.8988591
포포인츠명동,서울특별시 중구 삼일대로10길 36 (저동2가) 1522-3232,37.5657211,126.9893426
하이브랜드,"서울특별시 서초구 매헌로 16, 리빙관 101호 (양재동) 1522-3232",37.46252023,127.036668
하이테크시티,서울특별시 영등포구 경인로 775 (문래동3가) 에이스하이테크시티 1522-3232,37.51445587,126.8998794
학동사거리,서울특별시 강남구 도산대로 328 (논현동) 1522-3232,37.5223645,127.0379543
학동역,서울특별시 강남구 논현로 704 (논현동) 1522-3232,37.51464884,127.0307302
학여울역,서울특별시 강남구 영동대로 215 (대치동) 1522-3232,37.49803646,127.0684943
한강진역R,서울특별시 용산구 이태원로 252 (한남동) 1522-3232,37.53716527,127.0010127
한국은행교차로,서울특별시 중구 남대문로 55 (남대문로2가) 1522-3232,37.562263,126.981169
한국프레스센터,서울특별시 중구 세종대로 124 (태평로1가) 1522-3232,37.56724756,126.9780494
한남동R,서울특별시 용산구 독서당로 94 (한남동) 1522-3232,37.53485,127.010919
한성대입구역,서울특별시 성북구 성북로 11 (성북동1가) 1522-3232,37.58904121,127.004898
한양대,"서울특별시 성동구 왕십리로 225 (행당동) 1,2층 1522-3232",37.55726984,127.0421649
한티역,"서울특별시 강남구 도곡로 408, 디마크빌딩 101호 (대치동) 1522-3232",37.496801,127.055055
한티역8번출구,서울특별시 강남구 도곡로 331 (역삼동) 1522-3232,37.4964928,127.0521993
합정,"서울특별시 마포구 월드컵로1길 14 (합정동) 마포한강푸르지오 110, 111, 112-2 1522-3232",37.54997888,126.9125404
합정메세나몰,"서울특별시 마포구 양화로 45 (서교동, 메세나폴리스) 1522-3232",37.55005847,126.9135588
합정폴리스R,"서울특별시 마포구 양화로 45 (서교동, 메세나폴리스) 1522-3232",37.5509,126.9134
합정푸르지오,"서울특별시 마포구 월드컵로3길 14 (합정동, 마포 한강 2차 푸르지오) 1522-3232",37.55094291,126.9124827
현대목동,"서울특별시 양천구 목동동로 257 (목동, 현대하이페리온) 지하2층 1522-3232",37.52662717,126.8749407
현대미아,서울특별시 성북구 동소문로 315 (길음동) 지하1층 1522-3232,37.60851371,127.029177
현대신촌,서울특별시 서대문구 신촌로 83 (창천동) 1522-3232,37.55592458,126.9356945
혜화역,서울특별시 종로구 대학로12길 4 (동숭동)1~2층 1522-3232,37.5824779,127.002185
호림아트센터,서울특별시 강남구 도산대로 317 (신사동) 1522-3232,37.522514,127.035977
홍대공항철도역,서울특별시 마포구 양화로 178 (동교동) 1522-3232,37.557491,126.925146
홍대동교,서울특별시 마포구 양화로 192 (동교동) 1522-3232,37.55832805,126.9262465
홍대삼거리,서울특별시 마포구 와우산로 64 (상수동) 1522-3232,37.55026561,126.9232087
홍대역,"서울특별시 마포구 양화로 165, 상진빌딩 1층 (동교동) 1522-3232",37.557175,126.923654
홍대역8번출구,서울특별시 마포구 양화로 166 (동교동) 1522-3232,37.5567435,126.9241665
홍대입구역사거리R,서울특별시 마포구 양화로 125 (서교동) 1522-3232,37.554636,126.92036
홍제역,서울특별시 서대문구 통일로 451 (홍제동) 1522-3232,37.588658,126.943864
화곡DT,서울특별시 강서구 등촌로 57 (화곡동) 1522-3232,37.53501075,126.863188
화곡동,서울특별시 강서구 화곡로 142(화곡동) 1522-3232,37.54061902,126.837388
화곡역8번출구,"서울특별시 강서구 강서로 179 (화곡동), 1층 일부 1522-3232",37.54227921,126.8393
화양삼거리,서울특별시 광진구 광나루로 374 (화양동) 1522-3232,37.54774853,127.0712692
환구단,서울특별시 중구 소공로 112 (소공동) 1522-3232,37.56459885,126.9792301
황학사거리,"서울특별시 성동구 왕십리로 410 (하왕십리동, 센트라스) 1522-3232",37.567598,127.023713
황학캐슬,서울특별시 중구 청계천로 400 (황학동) 롯데캐슬베네치아 1522-3232,37.5714,127.0231
회기역사거리,서울특별시 동대문구 이문로 37 (회기동) 1522-3232,37.590784,127.056098
회현역,서울특별시 중구 퇴계로 72 (회현동) 리더스뷰남산 1522-3232,37.55947243,126.9807255
효창공원앞역,"서울특별시 용산구 백범로 313 (효창동, 용산 롯데캐슬 센터포레) 1522-3232",37.5389661,126.9633937
